"Symbol","Date","Open","High","Low","Close","Percent Change","Volume"
"FOWAD","2022-02-13","2350","2350","2271","2284","-3.76","22014"
"FOWAD","2022-02-10","2380","2419","2355","2373.3","-1.11","12260"
"FOWAD","2022-02-09","2403","2445","2395","2400","-1.19","6374"
"FOWAD","2022-02-08","2504.1","2510","2401","2429","0.00","10359"
"FOWAD","2022-02-07","2454","2489","2440","2455","-0.04","6487"
"FOWAD","2022-02-06","2455","2500","2440","2456","-1.37","27008"
"FOWAD","2022-02-03","2520","2560","2485","2490","-2.73","25690"
"FOWAD","2022-02-01","2434.7","2625","2434.7","2560","7.25","68888"
"FOWAD","2022-01-31","2213.4","2387","2213.4","2387","10.00","11833"
"FOWAD","2022-01-30","2158","2240","2158","2170","2.55","6770"
"FOWAD","2022-01-27","2080","2152","2080","2116","-0.26","4375"
"FOWAD","2022-01-26","2190","2190","2078","2121.5","-1.23","4604"
"FOWAD","2022-01-25","2175","2175","2120","2148","0.33","7668"
"FOWAD","2022-01-24","2165","2199","2130","2141","-2.90","7310"
"FOWAD","2022-01-23","2250","2250","2205","2205","-0.94","4135"
"FOWAD","2022-01-20","2229.8","2230","2177","2226","1.18","4760"
"FOWAD","2022-01-19","2169","2260","2167","2200","0.00","9176"
"FOWAD","2022-01-18","2200","2250","2185","2200","-0.45","7810"
"FOWAD","2022-01-17","2249.9","2252","2200","2210","0.00","8111"
"FOWAD","2022-01-16","2185","2272","2190","2210","1.14","15587"
"FOWAD","2022-01-13","2150","2193","2107","2185","2.20","9310"
"FOWAD","2022-01-12","2179","2189","2130","2138","-1.47","7034"
"FOWAD","2022-01-11","2099","2177","2080","2170","4.33","12427"
"FOWAD","2022-01-10","2100","2123","2070","2080","-0.43","5595"
"FOWAD","2022-01-09","2110","2110.9","2068","2089","0.92","8788"
"FOWAD","2022-01-06","2030","2080","2020","2070","0.49","3801"
"FOWAD","2022-01-05","2134","2134","2060","2060","-1.90","7273"
"FOWAD","2022-01-04","2075.1","2100.1","2036","2100","1.20","10720"
"FOWAD","2022-01-03","2090","2091","2051","2075","1.22","10623"
"FOWAD","2022-01-02","2000","2070","2000","2050","4.43","11450"
"FOWAD","2021-12-29","2652","2699","2650","2650","-1.67","11618"
"FOWAD","2021-12-28","2725","2735","2627","2695","-1.10","9261"
"FOWAD","2021-12-27","2780","2800","2698","2725","-1.42","10499"
"FOWAD","2021-12-26","2677.5","2764.2","2636","2764.2","5.30","12620"
"FOWAD","2021-12-23","2654","2654","2580","2625","0.11","4922"
"FOWAD","2021-12-22","2570","2625","2545","2622","2.82","6230"
"FOWAD","2021-12-21","2536","2558","2485.3","2550","2.45","2759"
"FOWAD","2021-12-20","2450","2544","2355","2489","0.53","8576"
"FOWAD","2021-12-16","2524","2525","2470","2476","-1.75","4005"
"FOWAD","2021-12-15","2615","2620","2499","2520","-1.95","11053"
"FOWAD","2021-12-14","2466","2580","2446","2570","6.29","4572"
"FOWAD","2021-12-13","2477.5","2500","2401","2418","-4.35","12057"
"FOWAD","2021-12-12","2603","2630","2511","2528","-4.60","7245"
"FOWAD","2021-12-09","2650","2668","2612","2650","0.00","7456"
"FOWAD","2021-12-08","2699","2807.9","2635.8","2649.9","0.11","24407"
"FOWAD","2021-12-07","2748","2749","2641","2647","-2.79","3921"
"FOWAD","2021-12-06","2640","2723","2590","2723","1.60","8714"
"FOWAD","2021-12-05","2778.8","2778.8","2621","2680","-1.80","5259"
"FOWAD","2021-12-02","2834.9","2835","2673","2729","-1.83","7625"
"FOWAD","2021-12-01","2802","2850","2746","2780","1.13","7580"
"FOWAD","2021-11-30","2790","2790","2710","2749","-0.72","7698"
"FOWAD","2021-11-29","2746","2855","2746","2769","-1.11","2393"
"FOWAD","2021-11-28","2835","2933","2779","2800","-3.18","13266"
"FOWAD","2021-11-25","2980","2980","2890","2892","-1.80","3593"
"FOWAD","2021-11-24","2920.4","2963","2870","2945","-1.17","4781"
"FOWAD","2021-11-23","2979","2980","2870","2980","1.53","8175"
"FOWAD","2021-11-22","2970.1","2999","2935","2935","-1.18","11584"
"FOWAD","2021-11-21","2960","3000","2940","2969.9","1.29","19064"
"FOWAD","2021-11-18","2852","2932","2845","2932","2.91","10706"
"FOWAD","2021-11-17","2832.9","2885","2786","2849","2.56","6476"
"FOWAD","2021-11-16","2800","2800","2740","2778","-0.39","4036"
"FOWAD","2021-11-15","2830","2830","2718","2789","-1.06","6275"
"FOWAD","2021-11-14","2782","2880","2780","2819","0.61","4511"
"FOWAD","2021-11-11","2826","2874.9","2800","2802","-2.67","4423"
"FOWAD","2021-11-09","2964","2990","2865.1","2879","-2.90","11349"
"FOWAD","2021-11-08","2987","2991","2913","2965","1.09","6190"
"FOWAD","2021-11-03","2950","2998","2900","2933","-0.41","7286"
"FOWAD","2021-11-02","2900","2969","2900","2945","-0.17","5890"
"FOWAD","2021-11-01","3025","3040","2910","2950","-1.24","10067"
"FOWAD","2021-10-31","2950","3000","2915.1","2987","2.65","12158"
"FOWAD","2021-10-28","2875","2920","2820","2910","1.39","10379"
"FOWAD","2021-10-27","2879","2890","2800.1","2870","1.02","8639"
"FOWAD","2021-10-26","2840","2866","2790","2841","0.39","8545"
"FOWAD","2021-10-25","2725","2830","2725","2830","4.20","4475"
"FOWAD","2021-10-24","2738","2738","2680","2716","0.59","4010"
"FOWAD","2021-10-21","2755","2755","2650.1","2700","-0.55","4252"
"FOWAD","2021-10-20","2703","2757","2677","2715","2.45","4772"
"FOWAD","2021-10-19","2700","2700","2600","2650","-2.93","8341"
"FOWAD","2021-10-18","2852","2852","2724.4","2730","-4.28","5242"
"FOWAD","2021-10-17","2900","2900","2800","2852","-0.94","4515"
"FOWAD","2021-10-11","2800","2887","2740","2879","1.02","8304"
"FOWAD","2021-10-10","2935.4","3035","2823","2850","-0.97","14955"
"FOWAD","2021-10-06","2716","2899","2675","2878","8.07","15651"
"FOWAD","2021-10-05","2611","2675","2590","2663","3.70","15373"
"FOWAD","2021-10-04","2500","2599","2490","2568","2.72","6416"
"FOWAD","2021-10-03","2470","2600","2470","2500","-0.71","5129"
"FOWAD","2021-09-30","2560","2589.9","2511","2518","-1.64","5342"
"FOWAD","2021-09-29","2598","2598","2450.1","2560","0.43","4701"
"FOWAD","2021-09-28","2535","2680","2498","2549","-1.43","7195"
"FOWAD","2021-09-27","2621","2682.7","2575","2586","-2.42","4261"
"FOWAD","2021-09-26","2725","2725","2650","2650.1","-2.71","3973"
"FOWAD","2021-09-23","2710","2750.5","2680","2724","0.85","5375"
"FOWAD","2021-09-22","2680","2747","2680","2701","2.23","4151"
"FOWAD","2021-09-21","2647","2700","2594.1","2642.1","-0.37","11075"
"FOWAD","2021-09-20","2670.5","2710","2638","2652","-2.64","7924"
"FOWAD","2021-09-16","2787","2787","2687","2724","-2.26","10208"
"FOWAD","2021-09-15","2751","2806","2751","2787","0.27","3191"
"FOWAD","2021-09-14","2806","2849","2779","2779.5","-0.91","5530"
"FOWAD","2021-09-13","2849.8","2849.8","2800","2805","0.25","5075"
"FOWAD","2021-09-12","2816","2816","2765","2798","1.34","7364"
"FOWAD","2021-09-09","2819","2820","2760","2761","-0.14","5315"
"FOWAD","2021-09-08","2810","2824.8","2750","2765","-1.29","5143"
"FOWAD","2021-09-07","2900","2900","2801","2801","-3.48","5449"
"FOWAD","2021-09-06","2853","2920","2743","2902","3.72","8420"
"FOWAD","2021-09-05","2800","2840","2741","2798","-1.82","9303"
"FOWAD","2021-09-02","2805","2880","2801","2850","0.35","6814"
"FOWAD","2021-09-01","2917","2917","2822","2840.1","-0.70","8289"
"FOWAD","2021-08-31","2971","2971","2810","2860","-2.49","16891"
"FOWAD","2021-08-29","2970","2972","2921","2933","-1.58","9986"
"FOWAD","2021-08-26","3040","3040","2950","2980","-0.33","10074"
"FOWAD","2021-08-25","3000","3040","2970","2990","-1.97","6608"
"FOWAD","2021-08-24","3055","3135","3030","3050","-0.91","10548"
"FOWAD","2021-08-19","3100","3117","3050","3078","-0.36","14058"
"FOWAD","2021-08-18","3050","3126","3050","3089","-0.52","10461"
"FOWAD","2021-08-17","3150","3150","3090","3105","-0.79","13735"
"FOWAD","2021-08-16","3139","3139","3075","3129.8","1.12","25249"
"FOWAD","2021-08-15","3064.9","3139","3015","3095","3.00","20247"
"FOWAD","2021-08-12","3011","3011","2916","3004.9","-0.20","10447"
"FOWAD","2021-08-11","3001","3030","3001","3011","-0.89","4545"
"FOWAD","2021-08-10","3000","3065","2995","3038","1.27","7849"
"FOWAD","2021-08-09","3099","3099","2995","3000","-1.70","12659"
"FOWAD","2021-08-08","3180","3180","3045","3052","-2.12","22100"
"FOWAD","2021-08-05","3079","3311","3075","3118","3.28","56078"
"FOWAD","2021-08-04","3040","3160","2960","3019","0.67","21572"
"FOWAD","2021-08-03","2947.8","3008.8","2916","2999","2.88","12630"
"FOWAD","2021-08-02","2947","2947","2891","2915","0.87","10092"
"FOWAD","2021-08-01","2930","2942","2882","2890","-0.17","3043"
"FOWAD","2021-07-29","2860","2906.1","2825","2895","1.58","4789"
"FOWAD","2021-07-28","2785","2860","2785","2850","1.24","1940"
"FOWAD","2021-07-27","2843","2843","2734.2","2815","-2.93","10474"
"FOWAD","2021-07-26","2855","2905","2855","2900","1.58","6623"
"FOWAD","2021-07-25","2800","2855","2800","2855","1.60","4931"
"FOWAD","2021-07-22","2795","2835","2762","2810","0.75","3181"
"FOWAD","2021-07-20","2811","2815","2760","2789","-0.82","3212"
"FOWAD","2021-07-19","2874","2930","2810","2812","-0.21","2719"
"FOWAD","2021-07-18","2780","2835","2780","2818","1.73","4109"
"FOWAD","2021-07-15","2755","2780","2755","2770","0.54","5458"
"FOWAD","2021-07-14","2736","2775","2736","2755","-0.90","929"
"FOWAD","2021-07-13","2775","2790","2740","2780","0.54","1285"
"FOWAD","2021-07-12","2800","2820","2735","2765","-0.54","3842"
"FOWAD","2021-07-11","2700","2780","2646","2780","3.35","4665"
"FOWAD","2021-07-08","2700","2700","2652","2690","0.45","2102"
"FOWAD","2021-07-07","2709","2725","2676","2678","-0.45","2290"
"FOWAD","2021-07-06","2787","2787","2641","2690","1.32","1814"
"FOWAD","2021-07-05","2650","2655","2620","2655","0.11","2039"
"FOWAD","2021-07-04","2685","2690","2652","2652","-1.23","1726"
"FOWAD","2021-07-01","2680","2700","2666","2685","0.71","3983"
"FOWAD","2021-06-30","2665","2666","2640","2666","-0.52","2856"
"FOWAD","2021-06-29","2719","2760","2667","2680","0.53","7009"
"FOWAD","2021-06-28","2639","2706","2600","2666","2.78","4034"
"FOWAD","2021-06-27","2649","2666","2590","2594","-1.18","4515"
"FOWAD","2021-06-24","2630","2640","2601","2625","-0.94","4203"
"FOWAD","2021-06-23","2689","2695","2635","2650","-1.49","5184"
"FOWAD","2021-06-22","2646","2700","2646","2690","1.66","6098"
"FOWAD","2021-06-21","2700","2745","2646","2646","-2.00","6763"
"FOWAD","2021-06-20","2782","2790","2695","2700","-2.95","6966"
"FOWAD","2021-06-17","2800","2820","2770","2782","-0.18","2685"
"FOWAD","2021-06-16","2593","2900","2593","2787","2.13","14706"
"FOWAD","2021-06-15","2750","2775","2725","2729","-0.94","6250"
"FOWAD","2021-06-14","2745","2780","2697","2755","-0.72","3863"
"FOWAD","2021-06-13","2800","2825","2751","2775","-0.18","6461"
"FOWAD","2021-06-10","2740","2790","2740","2780","-0.22","4627"
"FOWAD","2021-06-09","2849","2849","2769","2786","-0.01","3447"
"FOWAD","2021-06-08","2745","2825","2745","2825","1.25","9302"
"FOWAD","2021-06-07","2830","2835","2790","2790","-1.48","4002"
"FOWAD","2021-06-06","2880","2883","2810","2832","0.18","4696"
"FOWAD","2021-06-03","2800","2860","2780","2827","1.87","6367"
"FOWAD","2021-06-02","2747","2780","2719","2775","1.02","4952"
"FOWAD","2021-06-01","2790","2790","2731","2747","-0.51","4832"
"FOWAD","2021-05-31","2756","2825","2739","2761","-1.18","8337"
"FOWAD","2021-05-30","2785","2840","2761","2794","0.32","6202"
"FOWAD","2021-05-27","2727","2876","2680","2785","-2.96","29918"
"FOWAD","2021-05-25","2874","2924","2870","2870","-0.69","9757"
"FOWAD","2021-05-24","2903","2960","2890","2890","-1.30","16300"
"FOWAD","2021-05-23","2920","2974","2890","2928","-0.64","10556"
"FOWAD","2021-05-20","2945","3000","2945","2947","-1.31","4363"
"FOWAD","2021-05-19","2995","3033","2960","2986","0.88","17811"
"FOWAD","2021-05-18","2990","2990","2900","2960","0.61","13124"
"FOWAD","2021-05-17","2985","3030","2938","2942","0.20","4935"
"FOWAD","2021-05-16","2912","2974","2912","2936","0.20","8079"
"FOWAD","2021-05-13","2931","2983","2927","2930","-0.34","3194"
"FOWAD","2021-05-12","2950","2950","2906","2940","-0.37","2037"
"FOWAD","2021-05-11","2947","2975","2925","2951","1.62","7410"
"FOWAD","2021-05-10","2885","2927","2883","2904","1.18","4246"
"FOWAD","2021-05-09","2890","2925","2860","2870","-1.85","8026"
"FOWAD","2021-05-06","2918","2974","2901","2924","-1.71","9511"
"FOWAD","2021-05-05","3050","3051","2965","2975","-2.46","12075"
"FOWAD","2021-05-04","2900","3110","2891","3050","5.50","25724"
"FOWAD","2021-05-03","2890","2925","2880","2891","0.21","14385"
"FOWAD","2021-05-02","2800","2889","2793","2885","2.12","10202"
"FOWAD","2021-04-29","2810","2876","2810","2825","0.89","5397"
"FOWAD","2021-04-28","2839","2889","2732","2800","-2.78","6773"
"FOWAD","2021-04-27","2790","2889","2745","2880","2.86","17319"
"FOWAD","2021-04-26","2800","2800","2705","2800","0.00","15119"
"FOWAD","2021-04-25","2852","2886","2780","2785","-3.47","17942"
"FOWAD","2021-04-22","2860","2910","2860","2885","0.28","5408"
"FOWAD","2021-04-21","2885","2903","2871","2877","-0.14","9849"
"FOWAD","2021-04-20","2860","2908","2855","2881","-1.03","7875"
"FOWAD","2021-04-19","2935","2960","2910","2911","-1.39","9887"
"FOWAD","2021-04-18","2928","2980","2910","2952","-1.17","11102"
"FOWAD","2021-04-15","2998","3000","2975","2987","0.23","6864"
"FOWAD","2021-04-13","3042","3100","2980","2980","-2.07","12215"
"FOWAD","2021-04-12","2990","3100","2931","3043","1.43","14376"
"FOWAD","2021-04-08","2873","3007","2873","3000","4.38","34358"
"FOWAD","2021-04-07","2844","2875","2801","2874","2.57","14620"
"FOWAD","2021-04-06","2800","2805","2745","2802","0.97","5964"
"FOWAD","2021-04-05","2783","2784","2731","2780","-0.07","6510"
"FOWAD","2021-04-04","2802","2802","2750","2782","-0.71","6876"
"FOWAD","2021-04-01","2850","2899","2800","2802","-2.16","19522"
"FOWAD","2021-03-31","2890","2947","2856","2864","0.85","21168"
"FOWAD","2021-03-30","2655","2879","2620","2840","6.97","15924"
"FOWAD","2021-03-29","2630","2660","2630","2655","0.95","10005"
"FOWAD","2021-03-25","2650","2688","2610","2630","0.38","15993"
"FOWAD","2021-03-24","2564","2650","2530","2620","3.31","19311"
"FOWAD","2021-03-23","2480","2559","2465","2536","2.67","13251"
"FOWAD","2021-03-22","2550","2600","2460","2470","-2.18","12025"
"FOWAD","2021-03-21","2350","2545","2350","2525","6.32","9962"
"FOWAD","2021-03-18","2381","2397","2330","2375","1.71","9399"
"FOWAD","2021-03-17","2225","2335","2225","2335","4.24","3817"
"FOWAD","2021-03-16","2220","2249","2200","2240","1.31","2873"
"FOWAD","2021-03-15","2166","2248","2166","2211","0.05","3411"
"FOWAD","2021-03-14","2400","2400","2200","2210","-3.32","9117"
"FOWAD","2021-03-10","2276","2326","2275","2286","-0.87","3913"
"FOWAD","2021-03-09","2300","2345","2292","2306","-1.24","3959"
"FOWAD","2021-03-08","2365","2399","2331","2335","-1.27","7249"
"FOWAD","2021-03-04","2296","2370","2275","2366","5.11","9824"
"FOWAD","2021-03-03","2300","2310","2196","2251","-2.13","17158"
"FOWAD","2021-03-02","2381","2385","2285","2300","-3.16","11674"
"FOWAD","2021-03-01","2348","2396","2300","2375","0.00","6624"
"FOWAD","2021-02-28","2450","2455","2332","2348","-4.48","15164"
"FOWAD","2021-02-25","2478","2500","2450","2458","0.00","3689"
"FOWAD","2021-02-24","2525","2620","2495","2527","0.12","6575"
"FOWAD","2021-02-23","2500","2524","2440","2524","-0.04","12813"
"FOWAD","2021-02-22","2626","2626","2500","2525","-1.94","12209"
"FOWAD","2021-02-21","2665","2665","2555","2575","-0.03","7266"
"FOWAD","2021-02-18","2730","2735","2645","2660","-0.03","9476"
"FOWAD","2021-02-17","2800","2811","2700","2730","0.02","26039"
"FOWAD","2021-02-16","3407","3530","3300","3348","0.03","35816"
"FOWAD","2021-02-15","3009","3245","3009","3245","0.10","36750"
"FOWAD","2021-02-14","3068","3120","2945","2950","-0.02","22028"
"FOWAD","2021-02-11","3104","3166","3005","3008","-0.01","13149"
"FOWAD","2021-02-10","3000","3085","3000","3044","-0.00","16225"
"FOWAD","2021-02-09","3243","3276","3110","3129","-0.02","11446"
"FOWAD","2021-02-08","3303","3435","3116","3203","-0.01","14888"
"FOWAD","2021-02-07","3025","3258","3025","3239","0.08","24880"
"FOWAD","2021-02-04","2999","3038","2940","2991","0.01","24800"
"FOWAD","2021-02-03","3050","3050","2901","2945","0.00","22219"
"FOWAD","2021-02-02","2908","2968","2840","2935","0.06","19874"
"FOWAD","2021-02-01","2710","2770","2710","2770","0.01","10452"
"FOWAD","2021-01-31","2715","2770","2667","2750","-0.01","27550"
"FOWAD","2021-01-28","2850","2895","2770","2770","-0.02","11904"
"FOWAD","2021-01-27","2770","2830","2720","2828","0.02","19052"
"FOWAD","2021-01-26","2800","2835","2728","2761","-0.02","9928"
"FOWAD","2021-01-25","2870","2871","2790","2810","-0.02","14539"
"FOWAD","2021-01-24","2885","2950","2792","2864","-0.01","10928"
"FOWAD","2021-01-21","2752","2900","2752","2885","0.07","13753"
"FOWAD","2021-01-20","2520","2733","2520","2699","0.07","16884"
"FOWAD","2021-01-19","2401","2600","2401","2520","0.05","15993"
"FOWAD","2021-01-18","2385","2423","2383","2399","0.01","6649"
"FOWAD","2021-01-17","2330","2386","2323","2385","0.03","8568"
"FOWAD","2021-01-13","2330","2330","2290","2315","0.01","12011"
"FOWAD","2021-01-12","2299","2299","2262","2288","0.00","4353"
"FOWAD","2021-01-11","2308","2308","2278","2278","-0.01","8295"
"FOWAD","2021-01-10","2400","2400","2292","2308","-0.01","7684"
"FOWAD","2021-01-07","2455","2455","2300","2327","-0.01","23897"
"FOWAD","2021-01-06","2290","2340","2250","2339","0.02","5671"
"FOWAD","2021-01-05","2260","2299","2260","2290","-0.00","2711"
"FOWAD","2021-01-04","2335","2385","2294","2300","-0.01","10873"
"FOWAD","2021-01-03","2300","2325","2276","2325","0.02","7699"
"FOWAD","2020-12-31","2340","2379","2262","2290","-0.00","4684"
"FOWAD","2020-12-30","2320","2320","2250","2299","0.01","5949"
"FOWAD","2020-12-29","2264","2325","2255","2280","-0.01","5727"
"FOWAD","2020-12-28","2187","2351","2170","2310","0.04","9570"
"FOWAD","2020-12-27","2250","2290","2200","2219","-0.03","10002"
"FOWAD","2020-12-24","2340","2391","2270","2290","-0.02","14000"
"FOWAD","2020-12-23","2225","2407","2215","2335","0.05","19497"
"FOWAD","2020-12-22","2175","2215","2175","2215","0.04","17059"
"FOWAD","2020-12-21","2055","2221","1975","2140","0.02","13950"
"FOWAD","2020-12-20","2300","2300","2088","2095","-0.10","15431"
"FOWAD","2020-12-17","2350","2399","2240","2318","-0.01","11947"
"FOWAD","2020-12-16","2280","2350","2200","2349","0.05","16467"
"FOWAD","2020-12-15","2142","2260","2142","2240","0.07","47375"
"FOWAD","2020-12-14","2000","2110","2000","2100","0.06","12755"
"FOWAD","2020-12-13","2000","2010","1960","1981","0.01","5028"
"FOWAD","2020-12-10","1918","1989","1918","1960","0.00","6278"
"FOWAD","2020-12-09","1995","1995","1925","1955","-0.02","12425"
"FOWAD","2020-12-08","1975","2053","1975","1985","0.01","14638"
"FOWAD","2020-12-07","1880","1976","1811","1974","0.05","12785"
"FOWAD","2020-12-06","2044","2044","1877","1880","-0.10","8138"
"FOWAD","2020-12-03","2200","2200","2065","2085","-0.03","11335"
"FOWAD","2020-12-02","2089","2145","2000","2145","0.08","10199"
"FOWAD","2020-12-01","1970","2000","1950","1990","-0.01","5503"
"FOWAD","2020-11-30","1951","2010","1951","2010","0.02","17298"
"FOWAD","2020-11-29","1950","1975","1941","1965","-0.00","7142"
"FOWAD","2020-11-26","2028","2067","1921","1968","-0.01","8838"
"FOWAD","2020-11-25","1830","1998","1830","1970","0.08","8426"
"FOWAD","2020-11-24","1740","1843","1740","1825","0.03","6868"
"FOWAD","2020-11-23","1800","1800","1771","1775","-0.03","2771"
"FOWAD","2020-11-22","1863","1892","1789","1830","0.00","8259"
"FOWAD","2020-11-19","1757","1835","1755","1827","0.00","5006"
"FOWAD","2020-11-18","1660","1770","1660","1755","0.00","9056"
"FOWAD","2020-11-12","1732","1732","1640","1650","--","1967"
"FOWAD","2020-11-11","1660","1660","1630","1650","0.92","1711"
"FOWAD","2020-11-10","1630","1655","1630","1635","0.74","3506"
"FOWAD","2020-11-09","1590","1627","1590","1623","2.01","4835"
"FOWAD","2020-11-08","1590","1606","1570","1591","0.63","1731"
"FOWAD","2020-11-05","1600","1607","1580","1581","-1.19","1830"
"FOWAD","2020-11-04","1607","1607","1587","1600","0.88","964"
"FOWAD","2020-11-03","1612","1644","1577","1586","0.32","2627"
"FOWAD","2020-11-02","1565","1596","1565","1581","0.57","2254"
"FOWAD","2020-11-01","1570","1592","1570","1572","0.13","1579"
"FOWAD","2020-10-29","1570","1574","1560","1570","-0.06","1376"
"FOWAD","2020-10-28","1560","1571","1560","1571","0.90","965"
"FOWAD","2020-10-22","1559","1570","1547","1557","0.45","319"
"FOWAD","2020-10-21","1545","1550","1540","1550","0.65","346"
"FOWAD","2020-10-20","1569","1602","1535","1540","-0.06","859"
"FOWAD","2020-10-19","1535","1559","1533","1541","0.72","720"
"FOWAD","2020-10-18","1540","1540","1516","1530","-0.46","333"
"FOWAD","2020-10-15","1570","1570","1535","1537","-0.19","1405"
"FOWAD","2020-10-14","1541","1548","1535","1540","0.20","1500"
"FOWAD","2020-10-13","1540","1569","1537","1537","-0.19","1706"
"FOWAD","2020-10-12","1541","1565","1530","1540","-0.06","1808"
"FOWAD","2020-10-11","1524","1569","1524","1541","-0.90","1410"
"FOWAD","2020-10-08","1580","1580","1555","1555","0.00","1753"
"FOWAD","2020-10-07","1542","1576","1521","1555","0.45","2026"
"FOWAD","2020-10-06","1542","1558","1540","1548","-0.71","1026"
"FOWAD","2020-10-05","1551","1560","1551","1559","-0.70","701"
"FOWAD","2020-10-04","1550","1580","1550","1574","0.70","1114"
"FOWAD","2020-10-01","1552","1570","1545","1563","0.58","1395"
"FOWAD","2020-09-30","1551","1554","1549","1554","-0.06","1102"
"FOWAD","2020-09-29","1556","1565","1555","1555","-0.06","752"
"FOWAD","2020-09-28","1565","1565","1540","1556","-0.51","955"
"FOWAD","2020-09-27","1561","1570","1553","1564","0.19","1545"
"FOWAD","2020-09-24","1596","1596","1550","1561","-0.83","2214"
"FOWAD","2020-09-23","1570","1580","1566","1574","-0.38","3054"
"FOWAD","2020-09-22","1560","1580","1560","1580","0.64","3158"
"FOWAD","2020-09-21","1571","1580","1570","1570","-0.95","3070"
"FOWAD","2020-09-20","1585","1593","1585","1585","-0.13","787"
"FOWAD","2020-09-17","1620","1620","1576","1587","-0.19","3699"
"FOWAD","2020-09-16","1546","1600","1577","1590","0.82","578"
"FOWAD","2020-09-15","1621","1621","1571","1577","-1.62","1613"
"FOWAD","2020-09-14","1600","1610","1597","1603","-1.05","1437"
"FOWAD","2020-09-13","1603","1626","1603","1620","-0.86","1756"
"FOWAD","2020-09-10","1624","1650","1600","1634","1.81","3103"
"FOWAD","2020-09-09","1579","1605","1570","1605","1.65","4341"
"FOWAD","2020-09-08","1550","1580","1550","1579","0.13","734"
"FOWAD","2020-09-07","1570","1589","1570","1577","-0.50","1146"
"FOWAD","2020-09-06","1590","1595","1570","1585","-0.13","5389"
"FOWAD","2020-09-03","1560","1590","1560","1587","0.83","5089"
"FOWAD","2020-09-02","1557","1585","1557","1574","1.55","3875"
"FOWAD","2020-08-31","1537","1560","1521","1550","0.13","4898"
"FOWAD","2020-08-30","1548","1578","1543","1548","0.00","819"
"FOWAD","2020-08-27","1594","1600","1540","1548","-0.96","3715"
"FOWAD","2020-08-26","1570","1580","1542","1563","1.49","2819"
"FOWAD","2020-08-25","1551","1568","1535","1540","-0.32","2105"
"FOWAD","2020-08-24","1521","1545","1521","1545","1.78","2931"
"FOWAD","2020-08-23","1529","1529","1501","1518","0.46","1144"
"FOWAD","2020-08-20","1510","1520","1510","1511","0.73","770"
"FOWAD","2020-08-19","1510","1517","1491","1500","-1.32","695"
"FOWAD","2020-08-18","1507","1522","1505","1520","0.86","1424"
"FOWAD","2020-08-17","1500","1518","1472","1507","0.40","682"
"FOWAD","2020-08-16","1506","1510","1489","1501","-2.28","1708"
"FOWAD","2020-08-13","1535","1542","1513","1536","0.07","2351"
"FOWAD","2020-08-12","1510","1540","1532","1535","-0.32","606"
"FOWAD","2020-08-11","1538","1546","1533","1540","0.46","2806"
"FOWAD","2020-08-10","1515","1535","1514","1533","1.19","4063"
"FOWAD","2020-08-09","1538","1538","1506","1515","-0.13","639"
"FOWAD","2020-08-06","1500","1517","1500","1517","0.80","3529"
"FOWAD","2020-08-05","1480","1508","1480","1505","-0.33","5371"
"FOWAD","2020-08-03","1505","1520","1490","1510","0.00","4240"
"FOWAD","2020-08-02","1530","1560","1478","1510","-3.21","6052"
"FOWAD","2020-07-30","1590","1590","1532","1560","0.00","2554"
"FOWAD","2020-07-29","1580","1580","1535","1560","-1.27","7014"
"FOWAD","2020-07-28","1560","1600","1560","1580","-0.63","557"
"FOWAD","2020-07-27","1610","1610","1570","1588","0.57","6450"
"FOWAD","2020-07-26","1555","1579","1530","1579","1.22","2580"
"FOWAD","2020-07-23","1540","1585","1518","1560","1.30","2536"
"FOWAD","2020-07-22","1540","1561","1540","1540","-1.91","1859"
"FOWAD","2020-07-21","1560","1590","1539","1570","0.00","2302"
"FOWAD","2020-07-20","1719","1750","1556","1570","-8.67","3317"
"FOWAD","2020-07-19","1621","1719","1600","1719","8.11","260"
"FOWAD","2020-07-16","1571","1610","1571","1590","-0.56","2689"
"FOWAD","2020-07-15","1556","1651","1556","1599","1.14","3395"
"FOWAD","2020-07-14","1599","1610","1570","1581","-0.57","2552"
"FOWAD","2020-07-13","1515","1590","1510","1590","3.31","2507"
"FOWAD","2020-07-12","1530","1570","1510","1539","2.26","4083"
"FOWAD","2020-07-09","1508","1519","1505","1505","-0.33","2129"
"FOWAD","2020-07-08","1530","1539","1503","1510","-2.64","1384"
"FOWAD","2020-07-07","1540","1570","1494","1551","1.51","3728"
"FOWAD","2020-07-06","1445","1528","1421","1528","5.38","2222"
"FOWAD","2020-07-05","1425","1450","1390","1450","3.57","2530"
"FOWAD","2020-07-02","1480","1480","1394","1400","-4.31","660"
"FOWAD","2020-07-01","1435","1463","1435","1463","3.98","100"
"FOWAD","2020-06-30","1380","1407","1380","1407","1.96","169"
"FOWAD","2020-06-29","1353","1353","1350","1380","-2.17","910"
"FOWAD","2020-03-22","1407","1407","1378","1380","0.00","1187"
"FOWAD","2020-03-19","1326","1428","1323","1380","2.00","7495"
"FOWAD","2020-03-18","1360","1406","1296","1380","3.37","7105"
"FOWAD","2020-03-17","1390","1395","1301","1335","-5.45","7434"
"FOWAD","2020-03-16","1375","1479","1336","1412","2.47","4459"
"FOWAD","2020-03-15","1445","1465","1370","1378","-5.49","10066"
"FOWAD","2020-03-12","1550","1554","1458","1458","-6.24","12467"
"FOWAD","2020-03-11","1485","1574","1470","1555","6.80","8079"
"FOWAD","2020-03-10","1488","1510","1456","1456","-4.08","4771"
"FOWAD","2020-03-05","1455","1610","1426","1518","3.69","10711"
"FOWAD","2020-03-04","1594","1610","1464","1464","-9.96","15170"
"FOWAD","2020-03-03","1698","1796","1529","1626","-4.24","19761"
"FOWAD","2020-03-02","1851","1851","1691","1698","-9.20","2775"
"FOWAD","2020-03-01","1950","1948","1862","1870","-4.10","5294"
"FOWAD","2020-02-27","1951","1970","1914","1950","-2.01","9798"
"FOWAD","2020-02-26","1908","2000","1872","1990","6.30","10995"
"FOWAD","2020-02-25","1765","1872","1765","1872","5.05","7558"
"FOWAD","2020-02-24","1806","1877","1782","1782","-1.33","4026"
"FOWAD","2020-02-23","1834","1976","1780","1806","0.39","12546"
"FOWAD","2020-02-20","1650","1815","1683","1799","9.03","16606"
"FOWAD","2020-02-19","1580","1650","1576","1650","4.70","5413"
"FOWAD","2020-02-18","1568","1601","1537","1577","-1.31","3873"
"FOWAD","2020-02-17","1560","1611","1544","1598","2.44","5354"
"FOWAD","2020-02-16","1545","1560","1519","1560","2.90","5327"
"FOWAD","2020-02-13","1514","1547","1502","1516","1.81","5377"
"FOWAD","2020-02-12","1487","1505","1451","1489","2.13","7227"
"FOWAD","2020-02-11","1430","1458","1416","1458","3.77","7543"
"FOWAD","2020-02-10","1389","1409","1389","1405","1.08","1603"
"FOWAD","2020-02-09","1381","1409","1379","1390","-1.21","2660"
"FOWAD","2020-02-06","1420","1420","1394","1407","-0.42","3814"
"FOWAD","2020-02-05","1401","1455","1400","1413","2.84","7750"
"FOWAD","2020-02-04","1377","1407","1374","1374","-1.86","2920"
"FOWAD","2020-02-03","1413","1415","1364","1400","0.00","6083"
"FOWAD","2020-02-02","1386","1408","1370","1384","1.84","7991"
"FOWAD","2020-01-30","1333","1380","1333","1359","3.35","13272"
"FOWAD","2020-01-29","1253","1320","1252","1315","3.54","5664"
"FOWAD","2020-01-28","1252","1277","1250","1270","3.25","6005"
"FOWAD","2020-01-27","1217","1235","1207","1230","3.02","4544"
"FOWAD","2020-01-26","1196","1220","1194","1194","-1.97","4895"
"FOWAD","2020-01-23","1248","1257","1218","1218","-1.38","2799"
"FOWAD","2020-01-22","1252","1252","1235","1235","-1.28","624"
"FOWAD","2020-01-21","1256","1265","1245","1251","-2.11","2354"
"FOWAD","2020-01-20","1320","1320","1256","1278","-2.81","4590"
"FOWAD","2020-01-19","1310","1320","1274","1315","1.94","8064"
"FOWAD","2020-01-16","1210","1312","1205","1290","7.05","9049"
"FOWAD","2020-01-15","1232","1232","1204","1205","-0.25","1875"
"FOWAD","2020-01-14","1224","1244","1208","1208","-1.79","2673"
"FOWAD","2020-01-13","1245","1254","1214","1230","-0.40","4038"
"FOWAD","2020-01-12","1162","1230","1162","1230","7.89","8546"
"FOWAD","2020-01-09","1102","1159","1102","1140","2.70","3039"
"FOWAD","2020-01-08","1110","1124","1092","1110","-0.09","5510"
"FOWAD","2020-01-07","1125","1130","1100","1111","-0.54","4166"
"FOWAD","2020-01-06","1120","1122","1100","1117","1.55","2402"
"FOWAD","2020-01-05","1110","1122","1090","1100","1.01","2729"
"FOWAD","2020-01-02","1094","1104","1089","1089","-0.55","2113"
"FOWAD","2020-01-01","1071","1100","1070","1095","1.39","1415"
"FOWAD","2019-12-31","1055","1105","1055","1080","2.65","3612"
"FOWAD","2019-12-30","1395","1402","1383","1394","1.01","9113"
"FOWAD","2019-12-29","1410","1410","1380","1380","-1.36","2485"
"FOWAD","2019-12-26","1400","1402","1395","1399","-0.07","1088"
"FOWAD","2019-12-25","1400","1410","1395","1400","0.14","1765"
"FOWAD","2019-12-24","1404","1410","1388","1398","1.45","2398"
"FOWAD","2019-12-23","1400","1400","1366","1378","-0.51","490"
"FOWAD","2019-12-22","1364","1385","1363","1385","0.00","470"
"FOWAD","2019-12-19","1357","1385","1357","1385","1.09","766"
"FOWAD","2019-12-18","1370","1380","1365","1370","0.00","460"
"FOWAD","2019-12-17","1355","1370","1350","1370","1.26","337"
"FOWAD","2019-12-16","1352","1369","1351","1353","-0.73","1199"
"FOWAD","2019-12-15","1390","1390","1375","1375","0.59","501"
"FOWAD","2019-12-12","1399","1408","1367","1367","-2.29","2096"
"FOWAD","2019-12-11","1391","1415","1391","1399","1.16","4102"
"FOWAD","2019-12-10","1398","1405","1372","1383","-0.50","3174"
"FOWAD","2019-12-09","1362","1400","1350","1390","3.42","3829"
"FOWAD","2019-12-08","1353","1353","1337","1344","-0.67","778"
"FOWAD","2019-12-05","1345","1371","1332","1353","0.59","2796"
"FOWAD","2019-12-04","1355","1360","1335","1345","0.00","1844"
"FOWAD","2019-12-03","1334","1353","1334","1345","1.36","2626"
"FOWAD","2019-12-02","1338","1340","1312","1327","1.14","3140"
"FOWAD","2019-12-01","1307","1315","1306","1312","-1.50","241"
"FOWAD","2019-11-28","1330","1336","1328","1332","0.15","798"
"FOWAD","2019-11-27","1320","1338","1310","1330","0.76","721"
"FOWAD","2019-11-26","1311","1322","1310","1320","0.76","386"
"FOWAD","2019-11-25","1302","1312","1290","1310","0.61","3647"
"FOWAD","2019-11-24","1301","1330","1300","1302","0.08","364"
"FOWAD","2019-11-21","1320","1320","1301","1301","-1.66","1630"
"FOWAD","2019-11-20","1340","1350","1323","1323","-0.15","304"
"FOWAD","2019-11-19","1320","1330","1315","1325","0.76","171"
"FOWAD","2019-11-18","1310","1315","1310","1315","0.00","59"
"FOWAD","2019-11-17","1330","1338","1310","1315","-1.13","461"
"FOWAD","2019-11-14","1350","1350","1330","1330","-1.48","625"
"FOWAD","2019-11-13","1350","1355","1345","1350","-0.74","575"
"FOWAD","2019-11-12","1333","1374","1333","1360","0.00","2495"
"FOWAD","2019-11-11","1333","1374","1333","1360","2.33","1468"
"FOWAD","2019-11-10","1330","1335","1325","1329","0.00","1051"
"FOWAD","2019-11-07","1330","1330","1320","1329","0.68","721"
"FOWAD","2019-11-06","1327","1337","1320","1320","-0.53","619"
"FOWAD","2019-11-05","1300","1333","1293","1327","2.87","2068"
"FOWAD","2019-11-04","1261","1290","1261","1290","1.57","844"
"FOWAD","2019-11-03","1291","1291","1270","1270","0.32","478"
"FOWAD","2019-10-31","1290","1290","1266","1266","-1.86","37"
"FOWAD","2019-10-24","1290","1295","1290","1290","-0.15","251"
"FOWAD","2019-10-23","1300","1300","1289","1292","0.16","963"
"FOWAD","2019-10-22","1280","1290","1273","1290","1.49","226"
"FOWAD","2019-10-21","1270","1285","1270","1271","0.08","187"
"FOWAD","2019-10-20","1290","1290","1270","1270","-1.55","1493"
"FOWAD","2019-10-17","1270","1290","1270","1290","1.57","483"
"FOWAD","2019-10-16","1290","1290","1266","1270","0.32","200"
"FOWAD","2019-10-15","1265","1272","1265","1266","-1.40","136"
"FOWAD","2019-10-14","1263","1284","1262","1284","0.00","316"
"FOWAD","2019-10-10","1284","1284","1284","1284","-1.98","20"
"FOWAD","2019-10-03","1296","1315","1296","1310","3.07","70"
"FOWAD","2019-10-02","1270","1271","1270","1271","0.08","158"
"FOWAD","2019-10-01","1290","1300","1270","1270","0.40","390"
"FOWAD","2019-09-30","1251","1275","1250","1265","0.72","258"
"FOWAD","2019-09-29","1270","1271","1256","1256","-1.18","168"
"FOWAD","2019-09-26","1260","1271","1257","1271","-0.86","231"
"FOWAD","2019-09-24","1266","1282","1262","1282","-0.23","248"
"FOWAD","2019-09-23","1250","1290","1275","1285","0.78","609"
"FOWAD","2019-09-22","1277","1280","1275","1275","-2.07","551"
"FOWAD","2019-09-19","1310","1313","1270","1302","1.32","1563"
"FOWAD","2019-09-18","1270","1285","1255","1285","2.39","348"
"FOWAD","2019-09-17","1245","1270","1245","1255","0.56","1263"
"FOWAD","2019-09-16","1245","1248","1234","1248","-0.56","664"
"FOWAD","2019-09-15","1280","1280","1255","1255","-1.95","1357"
"FOWAD","2019-09-12","1280","1285","1280","1280","-0.16","710"
"FOWAD","2019-09-11","1290","1290","1280","1282","-0.77","685"
"FOWAD","2019-09-10","1285","1305","1282","1292","0.00","755"
"FOWAD","2019-09-09","1301","1324","1285","1292","-0.62","536"
"FOWAD","2019-09-08","1309","1309","1300","1300","-1.14","228"
"FOWAD","2019-09-05","1290","1315","1300","1315","0.31","268"
"FOWAD","2019-09-04","1314","1325","1300","1311","-0.68","819"
"FOWAD","2019-09-03","1284","1320","1284","1320","1.54","1063"
"FOWAD","2019-09-02","1305","1325","1300","1300","-1.44","869"
"FOWAD","2019-09-01","1320","1320","1304","1319","-0.83","1075"
"FOWAD","2019-08-29","1325","1330","1321","1330","0.00","667"
"FOWAD","2019-08-28","1335","1345","1330","1330","-0.67","278"
"FOWAD","2019-08-27","1340","1345","1330","1339","-0.30","822"
"FOWAD","2019-08-26","1325","1345","1325","1343","0.22","438"
"FOWAD","2019-08-25","1340","1340","1325","1340","-0.37","510"
"FOWAD","2019-08-22","1332","1362","1332","1345","0.67","548"
"FOWAD","2019-08-21","1342","1349","1330","1336","-0.45","1168"
"FOWAD","2019-08-20","1392","1392","1340","1342","-3.59","230"
"FOWAD","2019-08-19","1338","1392","1338","1392","4.04","181"
"FOWAD","2019-08-18","1344","1344","1338","1338","-0.89","408"
"FOWAD","2019-08-15","1345","1350","1345","1350","-0.22","64"
"FOWAD","2019-08-14","1349","1353","1347","1353","0.30","222"
"FOWAD","2019-08-13","1345","1371","1345","1349","0.30","326"
"FOWAD","2019-08-12","1323","1350","1345","1345","-0.37","387"
"FOWAD","2019-08-11","1347","1355","1345","1350","-1.39","780"
"FOWAD","2019-08-08","1356","1380","1356","1369","-0.87","415"
"FOWAD","2019-08-07","1358","1412","1358","1381","-0.29","1047"
"FOWAD","2019-08-06","1428","1428","1377","1385","-1.07","263"
"FOWAD","2019-08-05","1411","1414","1389","1400","-1.75","735"
"FOWAD","2019-08-04","1420","1444","1412","1425","1.28","4722"
"FOWAD","2019-08-01","1450","1450","1405","1407","-2.22","3296"
"FOWAD","2019-07-31","1380","1440","1380","1439","4.12","2075"
"FOWAD","2019-07-30","1364","1405","1364","1382","-0.29","278"
"FOWAD","2019-07-29","1368","1386","1368","1386","1.32","374"
"FOWAD","2019-07-28","1392","1392","1368","1368","-2.70","573"
"FOWAD","2019-07-25","1400","1445","1395","1406","-0.78","2667"
"FOWAD","2019-07-24","1428","1456","1402","1417","1.21","701"
"FOWAD","2019-07-23","1350","1406","1350","1400","4.09","1189"
"FOWAD","2019-07-22","1340","1360","1340","1345","0.45","469"
"FOWAD","2019-07-21","1320","1339","1316","1339","0.98","236"
"FOWAD","2019-07-18","1330","1340","1322","1326","0.08","518"
"FOWAD","2019-07-17","1363","1363","1312","1325","-0.23","671"
"FOWAD","2019-07-16","1338","1338","1304","1328","0.99","171"
"FOWAD","2019-07-15","1320","1325","1300","1315","0.69","597"
"FOWAD","2019-07-14","1305","1315","1305","1306","-0.38","1008"
"FOWAD","2019-07-11","1310","1315","1310","1311","-0.30","1049"
"FOWAD","2019-07-10","1311","1328","1310","1315","-0.15","1013"
"FOWAD","2019-07-09","1312","1330","1312","1317","0.53","661"
"FOWAD","2019-07-08","1315","1335","1310","1310","-1.87","1195"
"FOWAD","2019-07-07","1313","1335","1313","1335","0.38","114"
"FOWAD","2019-07-04","1350","1350","1330","1330","-1.04","773"
"FOWAD","2019-07-03","1325","1350","1320","1344","2.28","515"
"FOWAD","2019-07-02","1307","1320","1307","1314","0.31","842"
"FOWAD","2019-07-01","1307","1314","1306","1310","-0.30","1084"
"FOWAD","2019-06-30","1330","1340","1310","1314","-1.20","988"
"FOWAD","2019-06-27","1315","1333","1315","1330","0.00","364"
"FOWAD","2019-06-26","1332","1340","1317","1330","-1.48","1365"
"FOWAD","2019-06-25","1370","1370","1332","1350","0.37","901"
"FOWAD","2019-06-24","1315","1345","1315","1345","1.20","318"
"FOWAD","2019-06-23","1342","1345","1328","1329","-1.56","817"
"FOWAD","2019-06-20","1322","1359","1323","1350","0.75","1034"
"FOWAD","2019-06-19","1335","1365","1335","1340","-1.47","1151"
"FOWAD","2019-06-18","1310","1368","1310","1360","2.64","2061"
"FOWAD","2019-06-17","1352","1352","1320","1325","-3.00","3585"
"FOWAD","2019-06-16","1406","1406","1366","1366","-2.84","4290"
"FOWAD","2019-06-13","1400","1415","1400","1406","-0.64","773"
"FOWAD","2019-06-12","1402","1420","1402","1415","0.07","775"
"FOWAD","2019-06-11","1415","1416","1408","1414","-0.07","1078"
"FOWAD","2019-06-06","1400","1415","1400","1415","-0.35","2223"
"FOWAD","2019-06-04","1441","1460","1415","1420","-2.07","3346"
"FOWAD","2019-06-03","1470","1475","1450","1450","-1.69","2222"
"FOWAD","2019-06-02","1480","1490","1470","1475","-0.67","2178"
"FOWAD","2019-05-30","1532","1532","1485","1485","-1.13","1139"
"FOWAD","2019-05-29","1525","1555","1501","1502","0.40","270"
"FOWAD","2019-05-28","1505","1513","1496","1496","-0.33","535"
"FOWAD","2019-05-27","1505","1512","1500","1501","0.00","632"
"FOWAD","2019-05-26","1500","1510","1491","1501","-1.18","231"
"FOWAD","2019-05-23","1500","1525","1486","1519","0.93","647"
"FOWAD","2019-05-22","1501","1520","1501","1505","-0.79","730"
"FOWAD","2019-05-21","1520","1539","1517","1517","0.46","1207"
"FOWAD","2019-05-20","1530","1535","1510","1510","-0.46","2894"
"FOWAD","2019-05-19","1572","1575","1517","1517","-3.50","895"
"FOWAD","2019-05-16","1549","1572","1510","1572","-0.51","295"
"FOWAD","2019-05-15","1531","1600","1530","1580","1.61","4075"
"FOWAD","2019-05-14","1534","1559","1534","1555","-0.64","1239"
"FOWAD","2019-05-13","1565","1565","1565","1565","1.23","10"
"FOWAD","2019-05-12","1540","1570","1540","1546","0.39","1214"
"FOWAD","2019-05-09","1550","1568","1540","1540","-0.32","584"
"FOWAD","2019-05-08","1570","1585","1545","1545","-1.59","639"
"FOWAD","2019-05-07","1540","1570","1540","1570","1.95","948"
"FOWAD","2019-05-06","1505","1550","1521","1540","0.33","215"
"FOWAD","2019-05-05","1557","1575","1535","1535","-1.41","404"
"FOWAD","2019-05-02","1558","1563","1557","1557","-1.95","464"
"FOWAD","2019-04-30","1600","1600","1580","1588","-0.13","587"
"FOWAD","2019-04-29","1615","1615","1580","1590","-2.15","1552"
"FOWAD","2019-04-28","1576","1625","1570","1625","5.11","2485"
"FOWAD","2019-04-25","1541","1555","1525","1546","0.39","712"
"FOWAD","2019-04-24","1520","1570","1520","1540","0.00","1408"
"FOWAD","2019-04-23","1540","1540","1519","1540","-0.65","425"
"FOWAD","2019-04-22","1581","1600","1550","1550","-1.90","1508"
"FOWAD","2019-04-21","1544","1601","1517","1580","4.15","783"
"FOWAD","2019-04-18","1545","1545","1517","1517","-1.81","163"
"FOWAD","2019-04-17","1550","1581","1529","1545","-0.32","140"
"FOWAD","2019-04-16","1505","1550","1505","1550","1.31","853"
"FOWAD","2019-04-15","1517","1530","1505","1530","0.86","573"
"FOWAD","2019-04-11","1495","1543","1495","1517","-0.52","290"
"FOWAD","2019-04-10","1490","1525","1477","1525","1.19","1647"
"FOWAD","2019-04-09","1500","1508","1500","1507","0.07","383"
"FOWAD","2019-04-08","1520","1525","1505","1506","-0.92","1300"
"FOWAD","2019-04-07","1505","1520","1488","1520","0.86","1142"
"FOWAD","2019-04-04","1516","1519","1507","1507","-0.59","522"
"FOWAD","2019-04-03","1530","1540","1510","1516","-0.85","1714"
"FOWAD","2019-04-02","1530","1540","1511","1529","-0.07","417"
"FOWAD","2019-04-01","1510","1530","1510","1530","-0.65","337"
"FOWAD","2019-03-31","1594","1594","1510","1540","-2.53","659"
"FOWAD","2019-03-28","1507","1580","1507","1580","4.77","293"
"FOWAD","2019-03-27","1507","1508","1450","1508","0.07","165"
"FOWAD","2019-03-26","1533","1533","1507","1507","-0.53","1092"
"FOWAD","2019-03-25","1510","1528","1505","1515","0.00","406"
"FOWAD","2019-03-24","1505","1520","1505","1515","0.33","462"
"FOWAD","2019-03-21","1503","1519","1503","1510","0.67","371"
"FOWAD","2019-03-19","1500","1505","1495","1500","-0.60","309"
"FOWAD","2019-03-18","1530","1530","1506","1509","-0.72","1155"
"FOWAD","2019-03-17","1511","1541","1511","1520","-0.65","631"
"FOWAD","2019-03-14","1530","1535","1521","1530","0.00","172"
"FOWAD","2019-03-13","1580","1580","1535","1535","-1.73","388"
"FOWAD","2019-03-12","1540","1573","1532","1535","-0.97","1115"
"FOWAD","2019-03-11","1540","1550","1525","1550","0.65","357"
"FOWAD","2019-03-10","1550","1555","1550","1550","-0.32","15"
"FOWAD","2019-03-09","1550","1555","1550","1550","-0.32","15"
"FOWAD","2019-03-07","1559","1560","1530","1555","1.63","852"
"FOWAD","2019-03-06","1507","1535","1507","1530","0.33","423"
"FOWAD","2019-03-05","1487","1545","1506","1525","0.53","2468"
"FOWAD","2019-03-03","1502","1530","1502","1517","-0.59","317"
"FOWAD","2019-02-27","1542","1550","1520","1526","0.39","462"
"FOWAD","2019-02-26","1504","1533","1504","1520","-0.85","255"
"FOWAD","2019-02-25","1481","1533","1481","1533","2.00","276"
"FOWAD","2019-02-24","1520","1530","1503","1503","-1.12","964"
"FOWAD","2019-02-21","1526","1535","1520","1520","-0.39","475"
"FOWAD","2019-02-20","1525","1555","1525","1526","-1.86","152"
"FOWAD","2019-02-19","1553","1555","1525","1555","1.97","1526"
"FOWAD","2019-02-18","1525","1550","1520","1525","-1.61","512"
"FOWAD","2019-02-17","1556","1556","1520","1550","1.57","553"
"FOWAD","2019-02-14","1525","1549","1525","1526","-1.48","405"
"FOWAD","2019-02-13","1538","1560","1519","1549","-0.39","932"
"FOWAD","2019-02-12","1562","1580","1551","1555","-0.26","408"
"FOWAD","2019-02-11","1495","1559","1495","1559","2.43","259"
"FOWAD","2019-02-10","1530","1549","1522","1522","-1.74","428"
"FOWAD","2019-02-07","1551","1551","1540","1549","0.00","195"
"FOWAD","2019-02-06","1550","1581","1549","1549","-1.84","555"
"FOWAD","2019-02-05","1575","1591","1575","1578","-0.19","1522"
"FOWAD","2019-02-04","1582","1600","1568","1581","-1.13","1503"
"FOWAD","2019-02-03","1618","1618","1585","1599","-0.62","701"
"FOWAD","2019-01-31","1590","1610","1590","1609","1.19","2700"
"FOWAD","2019-01-30","1595","1595","1567","1590","-0.31","440"
"FOWAD","2019-01-29","1610","1615","1570","1595","-0.93","1011"
"FOWAD","2019-01-28","1560","1610","1560","1610","3.21","1248"
"FOWAD","2019-01-27","1600","1600","1545","1560","-2.50","1175"
"FOWAD","2019-01-24","1539","1600","1528","1600","3.96","3052"
"FOWAD","2019-01-23","1550","1550","1519","1539","-0.71","40"
"FOWAD","2019-01-22","1511","1550","1485","1550","2.58","908"
"FOWAD","2019-01-21","1557","1557","1510","1511","-2.95","1620"
"FOWAD","2019-01-20","1557","1588","1526","1557","0.00","136"
"FOWAD","2019-01-17","1535","1558","1531","1557","1.43","662"
"FOWAD","2019-01-16","1578","1609","1532","1535","-2.72","1771"
"FOWAD","2019-01-15","1480","1579","1480","1578","6.62","1431"
"FOWAD","2019-01-14","1482","1498","1470","1480","-0.13","367"
"FOWAD","2019-01-13","1481","1490","1480","1482","0.07","229"
"FOWAD","2019-01-10","1500","1505","1481","1481","-1.27","605"
"FOWAD","2019-01-09","1500","1500","1500","1500","0.00","75"
"FOWAD","2019-01-08","1500","1500","1490","1500","0.00","707"
"FOWAD","2019-01-07","1490","1500","1481","1500","0.67","1054"
"FOWAD","2019-01-06","1495","1500","1473","1490","-0.33","711"
"FOWAD","2019-01-03","1505","1510","1491","1495","-0.66","496"
"FOWAD","2019-01-02","1500","1505","1495","1505","0.33","208"
"FOWAD","2019-01-01","1490","1518","1490","1500","0.67","400"
"FOWAD","2018-12-31","1495","1524","1490","1490","-0.33","966"
"FOWAD","2018-12-30","1487.2","1546","1487.2","1495","0.52","1558"
"FOWAD","2018-12-27","1825","1910","1825","1859","1.86","5167"
"FOWAD","2018-12-26","1765","1830","1765","1825","3.40","3773"
"FOWAD","2018-12-25","1782","1813","1747","1765","-0.95","638"
"FOWAD","2018-12-24","1769","1785","1746","1782","0.73","2701"
"FOWAD","2018-12-23","1710","1785","1710","1769","3.45","976"
"FOWAD","2018-12-20","1710","1720","1710","1710","0.00","1235"
"FOWAD","2018-12-19","1725","1759","1710","1710","-0.87","469"
"FOWAD","2018-12-18","1780","1780","1725","1725","-3.09","713"
"FOWAD","2018-12-17","1750","1780","1750","1780","1.71","435"
"FOWAD","2018-12-16","1672","1759","1660","1750","4.67","608"
"FOWAD","2018-12-13","1685","1698","1670","1672","-0.77","492"
"FOWAD","2018-12-12","1690","1710","1685","1685","-0.30","117"
"FOWAD","2018-12-11","1705","1705","1671","1690","-0.88","300"
"FOWAD","2018-12-10","1680","1721","1680","1705","1.49","655"
"FOWAD","2018-12-09","1700","1700","1640","1680","-1.18","1758"
"FOWAD","2018-12-06","1730","1750","1690","1700","-1.73","1281"
"FOWAD","2018-12-04","1760","1780","1750","1761","0.06","190"
"FOWAD","2018-12-03","1770","1815","1735","1760","-0.56","419"
"FOWAD","2018-12-02","1836","1836","1761","1770","-3.59","1428"
"FOWAD","2018-11-29","1889.75","1889.75","1831","1836","-2.84","619"
"FOWAD","2018-11-28","1857","1893","1835","1890","1.78","295"
"FOWAD","2018-11-27","1858","1932","1857","1857","-0.05","345"
"FOWAD","2018-11-26","1909","1909","1876","1895","-0.73","124"
"FOWAD","2018-11-25","1921.04","1921.04","1905","1909","-0.63","305"
"FOWAD","2018-11-22","1955","1955","1920","1920","-1.79","1065"
"FOWAD","2018-11-21","1971","1971","1950","1955","-0.81","819"
"FOWAD","2018-11-20","1981","1981","1955","1971","-0.50","671"
"FOWAD","2018-11-19","1999","2000","1964","1981","-0.90","543"
"FOWAD","2018-11-18","1974","2013","1970","1999","1.27","1150"
"FOWAD","2018-11-15","2000","2000","1971","1971","-1.45","100"
"FOWAD","2018-11-14","1990","2000","1970","2000","0.50","154"
"FOWAD","2018-11-05","1900","1946","1870","1946","1.04","90"
"FOWAD","2018-11-04","1926","1940","1926","1926","0.00","40"
"FOWAD","2018-11-01","1930","1930","1910","1926","-0.26","384"
"FOWAD","2018-10-31","1950","1950","1917","1931","-0.97","141"
"FOWAD","2018-10-30","1966","1966","1950","1955","1.14","165"
"FOWAD","2018-10-29","1936","1960","1928","1940","-2.38","2002"
"FOWAD","2018-10-28","2010","2010","1970","1975","-1.74","450"
"FOWAD","2018-10-25","2006","2010","2006","2010","0.20","438"
"FOWAD","2018-10-24","2000","2025","2000","2006","0.30","892"
"FOWAD","2018-10-23","2000","2000","2000","2000","-0.74","50"
"FOWAD","2018-10-22","2015","2015","2015","2015","0.00","20"
"FOWAD","2018-10-15","2020","2025","2013","2015","0.20","452"
"FOWAD","2018-10-14","2002","2011","2002","2011","0.50","85"
"FOWAD","2018-10-11","1985","2020","1985","2002","-0.45","205"
"FOWAD","2018-10-10","1995","2010","1995","2010","0.50","45"
"FOWAD","2018-10-09","2019","2020","2000","2000","-0.99","910"
"FOWAD","2018-10-08","2000","2020","1975","2019","1.00","427"
"FOWAD","2018-10-07","1993","2025","1980","2000","-1.57","1152"
"FOWAD","2018-10-04","2030","2040","2030","2032","0.00","572"
"FOWAD","2018-10-03","2035","2055","2032","2040","-1.12","483"
"FOWAD","2018-10-02","2050","2070","2046","2055","1.18","514"
"FOWAD","2018-10-01","2024","2064","2024","2034","-1.65","1220"
"FOWAD","2018-09-30","2051","2070","2050","2065","-0.24","195"
"FOWAD","2018-09-27","2080","2090","2066","2070","-0.72","401"
"FOWAD","2018-09-26","2065","2121","2065","2085","-0.71","1160"
"FOWAD","2018-09-25","2130","2130","2093","2100","0.33","379"
"FOWAD","2018-09-23","2095","2100","2090","2093","-2.06","1305"
"FOWAD","2018-09-20","2180","2180","2137","2137","-1.84","364"
"FOWAD","2018-09-18","2191","2230","2143","2143","1.30","531"
"FOWAD","2018-09-17","2125","2180","2111","2149","0.05","1096"
"FOWAD","2018-09-16","2150","2158","2109","2148","0.28","208"
"FOWAD","2018-09-13","2125","2159","2125","2142","-0.60","773"
"FOWAD","2018-09-12","2090","2155","2090","2155","1.17","768"
"FOWAD","2018-09-11","2146","2149","2103","2130","-2.70","1152"
"FOWAD","2018-09-10","2060","2189","2050","2189","5.70","428"
"FOWAD","2018-09-09","2052","2090","2052","2071","-1.05","257"
"FOWAD","2018-09-06","2155","2155","2090","2093","-1.27","1000"
"FOWAD","2018-09-05","2090","2135","2080","2120","1.58","2485"
"FOWAD","2018-09-04","2086","2109","2086","2090","0.10","1042"
"FOWAD","2018-09-03","2075","2118","2075","2085","0.72","1568"
"FOWAD","2018-09-02","2060","2070","2040","2070","0.49","207"
"FOWAD","2018-08-30","2039","2075","2038","2060","1.63","126"
"FOWAD","2018-08-29","2028","2040","2027","2027","-0.15","732"
"FOWAD","2018-08-28","2020","2035","2015","2030","0.54","273"
"FOWAD","2018-08-26","2060","2060","2019","2026","-1.99","830"
"FOWAD","2018-08-23","2061","2061","2050","2060","-0.05","747"
"FOWAD","2018-08-22","2055","2072","2052","2061","-0.53","240"
"FOWAD","2018-08-21","2066","2080","2065","2075","-0.67","584"
"FOWAD","2018-08-20","2121","2121","2085","2086","0.29","244"
"FOWAD","2018-08-19","2135","2151","2080","2080","-2.44","2180"
"FOWAD","2018-08-16","2130","2139","2100","2132","0.80","1033"
"FOWAD","2018-08-15","2120","2158","2080","2115","1.10","1077"
"FOWAD","2018-08-14","2065","2092","2050","2092","1.55","723"
"FOWAD","2018-08-13","2050","2060","2040","2060","0.49","166"
"FOWAD","2018-08-12","2055","2056","2045","2050","-2.15","687"
"FOWAD","2018-08-09","2080","2105","2070","2095","0.92","1082"
"FOWAD","2018-08-08","2066","2085","2066","2076","-0.67","60"
"FOWAD","2018-08-07","2100","2100","2085","2090","-0.90","767"
"FOWAD","2018-08-06","2081","2115","2078","2109","-0.47","543"
"FOWAD","2018-08-05","2090","2120","2090","2119","1.87","397"
"FOWAD","2018-08-02","2120","2120","2080","2080","-1.79","816"
"FOWAD","2018-08-01","2083","2124","2080","2118","1.68","873"
"FOWAD","2018-07-31","2090","2090","2080","2083","-0.33","1669"
"FOWAD","2018-07-30","2081","2090","2080","2090","0.43","1380"
"FOWAD","2018-07-29","2080","2105","2080","2081","-0.43","1959"
"FOWAD","2018-07-26","2149","2149","2090","2090","-1.42","3437"
"FOWAD","2018-07-25","2110","2120","2101","2120","0.24","793"
"FOWAD","2018-07-24","2170","2185","2115","2115","-0.94","1649"
"FOWAD","2018-07-23","2080","2135","2080","2130","2.40","1436"
"FOWAD","2018-07-22","2109","2115","2031","2085","-3.11","2110"
"FOWAD","2018-07-19","2120","2152","2100","2151","0.98","1112"
"FOWAD","2018-07-18","2155","2155","2131","2131","-0.88","889"
"FOWAD","2018-07-17","2263","2263","2150","2150","-3.15","1285"
"FOWAD","2018-07-16","2171","2220","2151","2220","2.30","829"
"FOWAD","2018-07-15","2177","2214","2150","2170","1.64","749"
"FOWAD","2018-07-12","2267","2267","2135","2150","-4.69","2328"
"FOWAD","2018-07-11","2264","2352","2240","2245","0.90","3684"
"FOWAD","2018-07-10","2220","2270","2200","2210","0.23","1447"
"FOWAD","2018-07-09","2230","2244","2206","2215","-1.56","937"
"FOWAD","2018-07-08","2300","2345","2250","2250","-1.32","1474"
"FOWAD","2018-07-05","2135","2280","2135","2280","7.29","1425"
"FOWAD","2018-07-04","2130","2160","2120","2125","0.00","440"
"FOWAD","2018-07-03","2136","2136","2120","2125","0.95","450"
"FOWAD","2018-07-02","2130","2161","2080","2105","-0.24","482"
"FOWAD","2018-07-01","2083","2124","2080","2118","1.68","873"
"FOWAD","2018-06-28","2180","2180","2150","2151","-1.56","365"
"FOWAD","2018-06-27","2106","2255","2080","2184","1.77","526"
"FOWAD","2018-06-26","2156","2156","2143","2146","-2.45","585"
"FOWAD","2018-06-25","2240","2240","2200","2205","-1.57","570"
"FOWAD","2018-06-24","2250","2260","2235","2235","-1.11","126"
"FOWAD","2018-06-21","2270","2270","2221","2260","-0.26","306"
"FOWAD","2018-06-20","2226","2266","2222","2266","0.71","168"
"FOWAD","2018-06-19","2317","2317","2240","2249","-1.27","173"
"FOWAD","2018-06-18","2216","2279","2192","2279","1.97","602"
"FOWAD","2018-06-17","2281","2320","2235","2235","-1.97","251"
"FOWAD","2018-06-14","2280","2325","2270","2280","0.44","846"
"FOWAD","2018-06-13","2250","2285","2250","2270","0.35","306"
"FOWAD","2018-06-12","2240","2280","2240","2262","-0.35","2237"
"FOWAD","2018-06-11","2260","2340","2260","2270","0.62","2380"
"FOWAD","2018-06-10","2325","2330","2250","2256","-2.63","1061"
"FOWAD","2018-06-07","2370","2370","2307","2317","-2.24","1325"
"FOWAD","2018-06-06","2370","2450","2370","2370","1.98","345"
"FOWAD","2018-06-04","2305","2350","2290","2324","-0.26","3791"
"FOWAD","2018-06-03","2362","2410","2330","2330","-3.32","2845"
"FOWAD","2018-05-31","2400","2420","2388","2410","0.25","2730"
"FOWAD","2018-05-30","2425","2487","2378","2405","-1.88","2660"
"FOWAD","2018-05-29","2440","2488","2411","2450","-0.16","1779"
"FOWAD","2018-05-28","2385","2458","2316","2454","2.89","2066"
"FOWAD","2018-05-27","2440","2440","2380","2385","-2.65","1941"
"FOWAD","2018-05-24","2478","2505","2403","2450","-1.13","2117"
"FOWAD","2018-05-23","2442","2510","2440","2478","-0.44","2681"
"FOWAD","2018-05-22","2450","2489","2450","2489","-0.40","1830"
"FOWAD","2018-05-21","2450","2500","2420","2499","2.04","1662"
"FOWAD","2018-05-20","2488","2490","2410","2449","0.37","1400"
"FOWAD","2018-05-17","2489","2489","2434","2440","-0.57","676"
"FOWAD","2018-05-16","2430","2454","2430","2454","1.15","1420"
"FOWAD","2018-05-15","2450","2450","2426","2426","-1.86","288"
"FOWAD","2018-05-14","2415","2472","2415","2472","0.90","1843"
"FOWAD","2018-05-10","2485","2500","2442","2450","-1.41","1544"
"FOWAD","2018-05-09","2448","2509","2445","2485","1.51","8680"
"FOWAD","2018-05-08","2426","2448","2386","2448","2.90","1073"
"FOWAD","2018-05-07","2367","2404","2367","2380","-1.49","700"
"FOWAD","2018-05-06","2458","2458","2390","2415","0.21","905"
"FOWAD","2018-05-03","2460","2468","2400","2410","-0.82","7828"
"FOWAD","2018-05-02","2350","2445","2315","2430","3.40","1659"
"FOWAD","2018-04-29","2351","2398","2320","2350","-2.00","3133"
"FOWAD","2018-04-26","2468","2468","2355","2398","-1.68","5836"
"FOWAD","2018-04-25","2451","2494","2406","2439","-2.48","6040"
"FOWAD","2018-04-24","2520","2540","2380","2501","-0.68","7437"
"FOWAD","2018-04-23","2564","2615","2383","2500","0.16","15545"
"FOWAD","2018-04-22","2299","2528","2330","2514","9.35","9141"
"FOWAD","2018-04-19","2172","2300","2150","2299","7.93","5376"
"FOWAD","2018-04-18","2150","2200","2060","2130","-0.65","2942"
"FOWAD","2018-04-17","1982","2170","2018","2144","8.17","5348"
"FOWAD","2018-04-16","1907","1999","1900","1982","5.99","1731"
"FOWAD","2018-04-15","1875","1888","1800","1870","-0.27","766"
"FOWAD","2018-04-12","1900","1935","1875","1875","0.48","1509"
"FOWAD","2018-04-11","1792","1866","1755","1862","2.19","237"
"FOWAD","2018-04-10","1860","1933","1824","1826","-3.39","1340"
"FOWAD","2018-04-09","1938","1985","1860","1890","-0.53","2696"
"FOWAD","2018-04-08","1799","1935","1790","1885","7.71","3950"
"FOWAD","2018-04-05","1711","1800","1711","1765","3.22","3107"
"FOWAD","2018-04-04","1660","1709","1660","1697","4.85","265"
"FOWAD","2018-04-03","1600","1650","1600","1630","0.49","133"
"FOWAD","2018-04-01","1670","1670","1620","1622","-4.02","898"
"FOWAD","2018-03-29","1625","1690","1625","1690","4.00","1283"
"FOWAD","2018-03-28","1670","1696","1625","1625","-4.24","430"
"FOWAD","2018-03-27","1600","1697","1544","1695","6.06","664"
"FOWAD","2018-03-26","1650","1655","1577","1600","-4.36","2206"
"FOWAD","2018-03-22","1701","1750","1665","1673","-2.16","943"
"FOWAD","2018-03-21","1750","1760","1695","1710","-2.51","1822"
"FOWAD","2018-03-20","1795","1795","1750","1760","-2.50","794"
"FOWAD","2018-03-19","1801","1805","1799","1799","-1.59","920"
"FOWAD","2018-03-18","1805","1828","1801","1828","1.50","695"
"FOWAD","2018-03-15","1825","1835","1801","1803","-1.10","652"
"FOWAD","2018-03-14","1850","1851","1821","1833","0.33","852"
"FOWAD","2018-03-13","1800","1820","1800","1815","-1.09","726"
"FOWAD","2018-03-12","1855","1866","1800","1835","-1.08","950"
"FOWAD","2018-03-11","1945","1920","1850","1855","-4.63","866"
"FOWAD","2018-03-07","1938","1974","1920","1945","2.37","527"
"FOWAD","2018-03-06","1910","1935","1872","1900","-1.04","2139"
"FOWAD","2018-03-04","2053","2020","1904","1980","-3.56","1840"
"FOWAD","2018-02-28","3181","3181","3073","3081","-2.99","5234"
"FOWAD","2018-02-27","3195","3258","3151","3175","-0.47","4888"
"FOWAD","2018-02-26","3260","3260","3190","3190","-2.15","2224"
"FOWAD","2018-02-25","3280","3280","3256","3260","-0.91","601"
"FOWAD","2018-02-22","3319","3329","3280","3290","-0.33","2985"
"FOWAD","2018-02-21","3311","3315","3291","3305","-0.30","1245"
"FOWAD","2018-02-20","3360","3360","3299","3311","-1.46","355"
"FOWAD","2018-02-18","3395","3450","3336","3360","-1.03","768"
"FOWAD","2018-02-15","3375","3400","3315","3395","2.57","2953"
"FOWAD","2018-02-14","3281","3310","3281","3310","0.30","636"
"FOWAD","2018-02-12","3280","3300","3280","3300","0.61","541"
"FOWAD","2018-02-11","3300","3321","3256","3280","-1.20","827"
"FOWAD","2018-02-08","3309","3320","3243","3300","1.16","598"
"FOWAD","2018-02-07","3320","3349","3280","3282","-0.94","1946"
"FOWAD","2018-02-06","3340","3340","3310","3313","-0.81","234"
"FOWAD","2018-02-05","3345","3360","3330","3340","0.00","408"
"FOWAD","2018-02-04","3320","3350","3320","3340","-0.30","632"
"FOWAD","2018-02-01","3300","3355","3300","3350","0.90","584"
"FOWAD","2018-01-31","3318","3320","3287","3320","0.15","557"
"FOWAD","2018-01-29","3317","3320","3261","3310","0.00","633"
"FOWAD","2018-01-28","3315","3315","3283","3314","0.03","696"
"FOWAD","2018-01-25","3300","3314","3290","3314","0.42","3390"
"FOWAD","2018-01-24","3350","3350","3280","3300","0.00","508"
"FOWAD","2018-01-23","3240","3339","3240","3300","-0.18","931"
"FOWAD","2018-01-22","3335","3345","3304","3306","-0.63","1152"
"FOWAD","2018-01-21","3310","3350","3310","3331","-1.28","450"
"FOWAD","2018-01-17","3320","3370","3320","3370","0.45","286"
"FOWAD","2018-01-16","3445","3445","3330","3355","-0.77","795"
"FOWAD","2018-01-14","3575","3575","3352","3382","-3.54","5638"
"FOWAD","2018-01-10","3350","3518","3320","3505","5.16","1323"
"FOWAD","2018-01-09","3330","3375","3320","3333","0.09","750"
"FOWAD","2018-01-08","3300","3330","3300","3330","0.00","536"
"FOWAD","2018-01-07","3275","3330","3247","3330","1.68","334"
"FOWAD","2018-01-04","3270","3280","3250","3275","0.15","1234"
"FOWAD","2018-01-03","3260","3300","3260","3270","-0.61","713"
"FOWAD","2018-01-02","3370","3370","3283","3290","-1.79","746"
"FOWAD","2018-01-01","3280","3350","3275","3350","2.76","478"
"FOWAD","2017-12-31","3250","3260","3186","3260","-0.94","1746"
"FOWAD","2017-12-28","3260","3330","3260","3300","-0.27","1226"
"FOWAD","2017-12-27","3270","3380","3221","3300","-0.60","576"
"FOWAD","2017-12-26","3350","3380","3320","3320","-1.54","901"
"FOWAD","2017-12-24","3401","3420","3372","3372","-1.00","842"
"FOWAD","2017-12-21","3436","3436","3385","3406","-0.58","394"
"FOWAD","2017-12-20","3470","3470","3401","3426","-1.01","668"
"FOWAD","2017-12-19","3500","3500","3461","3461","-1.11","600"
"FOWAD","2017-12-18","3500","3530","3470","3499","1.16","955"
"FOWAD","2017-12-17","3501","3505","3460","3460","-1.98","724"
"FOWAD","2017-12-14","3500","3507","3495","3505","-1.27","158"
"FOWAD","2017-12-13","3500","3550","3490","3550","1.46","1060"
"FOWAD","2017-12-12","3512","3512","3484","3499","-1.02","1065"
"FOWAD","2017-12-11","3536","3565","3535","3550","-0.98","564"
"FOWAD","2017-12-10","3605","3620","3563","3570","0.00","1901"
"FOWAD","2017-12-06","3580","3580","3530","3570","1.08","1432"
"FOWAD","2017-12-05","3520","3536","3505","3532","-0.37","576"
"FOWAD","2017-12-04","3650","3650","3540","3545","-1.09","1013"
"FOWAD","2017-11-30","3569","3600","3500","3584","0.42","1011"
"FOWAD","2017-11-29","3543","3595","3450","3569","2.73","1984"
"FOWAD","2017-11-28","3474","3474","3440","3474","2.00","699"
"FOWAD","2017-11-27","3409","3457","3351","3406","-0.06","1925"
"FOWAD","2017-11-26","3357","3414","3379","3408","1.52","810"
"FOWAD","2017-11-23","3317","3360","3330","3357","1.21","815"
"FOWAD","2017-11-22","3330","3340","3306","3317","-0.39","558"
"FOWAD","2017-11-21","3300","3330","3300","3329","0.00","964"
"FOWAD","2017-11-20","3329","3335","3329","3330","0.57","292"
"FOWAD","2017-11-19","3400","3350","3301","3311","-2.62","700"
"FOWAD","2017-11-16","3370","3400","3351","3400","1.04","270"
"FOWAD","2017-11-15","3399","3415","3361","3365","-1.61","1259"
"FOWAD","2017-11-14","3350","3420","3350","3415","2.09","491"
"FOWAD","2017-11-13","3369","3369","3347","3350","-0.62","612"
"FOWAD","2017-11-12","3350","3390","3315","3371","0.63","1150"
"FOWAD","2017-11-09","3350","3400","3265","3350","0.03","2195"
"FOWAD","2017-11-08","3275","3350","3255","3349","2.26","3839"
"FOWAD","2017-11-07","3340","3340","3250","3275","-2.24","4619"
"FOWAD","2017-11-06","3408","3410","3290","3350","-1.70","1275"
"FOWAD","2017-11-05","3405","3408","3373","3408","-0.81","3396"
"FOWAD","2017-11-02","3417","3485","3417","3436","-1.41","863"
"FOWAD","2017-11-01","3470","3500","3470","3485","0.14","812"
"FOWAD","2017-10-31","3480","3500","3465","3480","-0.57","2753"
"FOWAD","2017-10-30","3505","3530","3481","3500","-0.99","3506"
"FOWAD","2017-10-29","3541","3550","3511","3535","-0.17","1122"
"FOWAD","2017-10-25","3600","3600","3541","3545","-1.09","705"
"FOWAD","2017-10-24","3595","3600","3560","3580","-0.42","1180"
"FOWAD","2017-10-23","3625","3610","3571","3595","-0.83","788"
"FOWAD","2017-10-22","3645","3645","3601","3625","-0.55","466"
"FOWAD","2017-10-18","3665","3665","3592","3639","0.14","481"
"FOWAD","2017-10-17","3753","3753","3600","3630","-1.09","984"
"FOWAD","2017-10-16","3600","3680","3570","3679","3.69","808"
"FOWAD","2017-10-15","3545","3550","3505","3549","0.40","666"
"FOWAD","2017-10-12","3550","3570","3500","3500","-1.07","1935"
"FOWAD","2017-10-11","3540","3570","3531","3538","-0.06","526"
"FOWAD","2017-10-10","3560","3560","3503","3540","-0.67","625"
"FOWAD","2017-10-09","3530","3564","3521","3564","-0.72","944"
"FOWAD","2017-10-08","3640","3640","3507","3590","-1.43","1543"
"FOWAD","2017-10-04","3700","3700","3640","3645","-0.90","1016"
"FOWAD","2017-10-03","3650","3675","3650","3675","-0.68","395"
"FOWAD","2017-09-26","3640","3700","3640","3700","1.37","864"
"FOWAD","2017-09-25","3615","3670","3615","3650","1.08","486"
"FOWAD","2017-09-24","3580","3650","3580","3611","-1.07","178"
"FOWAD","2017-09-20","3805","3805","3605","3652","-2.38","1617"
"FOWAD","2017-09-18","3600","3750","3599","3739","4.30","4785"
"FOWAD","2017-09-17","3505","3639","3504","3585","0.28","2530"
"FOWAD","2017-09-14","3650","3670","3475","3575","-2.67","8488"
"FOWAD","2017-09-13","3721","3750","3660","3673","-1.08","1171"
"FOWAD","2017-09-12","3740","3745","3710","3713","-0.85","2612"
"FOWAD","2017-09-11","3710","3760","3710","3742","0.27","3272"
"FOWAD","2017-09-10","3760","3770","3735","3735","-0.66","1857"
"FOWAD","2017-09-07","3800","3800","3751","3761","0.03","1670"
"FOWAD","2017-09-06","3750","3820","3735","3760","0.75","2478"
"FOWAD","2017-09-04","3770","3770","3705","3731","-1.17","1129"
"FOWAD","2017-08-31","3810","3800","3768","3775","-0.92","1944"
"FOWAD","2017-08-30","3800","3840","3750","3810","1.17","3090"
"FOWAD","2017-08-28","3750","3780","3720","3766","-0.08","2614"
"FOWAD","2017-08-27","3750","3769","3711","3769","0.51","3776"
"FOWAD","2017-08-24","3740","3760","3710","3750","0.27","2746"
"FOWAD","2017-08-23","3750","3770","3740","3740","-0.93","1656"
"FOWAD","2017-08-22","3750","3780","3749","3770","0.00","2957"
"FOWAD","2017-08-21","3797","3797","3740","3775","-0.66","1242"
"FOWAD","2017-08-20","3800","3830","3795","3800","-1.04","3205"
"FOWAD","2017-08-17","3900","3936","3800","3840","-0.49","5340"
"FOWAD","2017-08-16","3750","3859","3721","3859","1.82","4456"
"FOWAD","2017-08-15","3711","3790","3680","3790","0.26","4078"
"FOWAD","2017-08-13","3850","3850","3760","3780","-1.82","5257"
"FOWAD","2017-08-10","3875","3875","3742","3850","-1.16","5334"
"FOWAD","2017-08-09","3940","3940","3850","3895","-1.14","5300"
"FOWAD","2017-08-07","3970","3970","3911","3940","-0.76","3357"
"FOWAD","2017-08-06","4000","4020","3951","3970","-1.27","5505"
"FOWAD","2017-08-03","3980","4140","3912","4021","1.03","10587"
"FOWAD","2017-08-02","3840","4000","3835","3980","3.54","7876"
"FOWAD","2017-08-01","3850","3854","3800","3843","1.05","4826"
"FOWAD","2017-07-31","3810","3825","3800","3804","-0.42","6159"
"FOWAD","2017-07-30","3805","3820","3770","3818","0.53","3113"
"FOWAD","2017-07-27","3780","3900","3756","3800","-0.26","4396"
"FOWAD","2017-07-26","3840","3841","3780","3810","-0.68","4911"
"FOWAD","2017-07-25","3810","3901","3781","3836","0.37","5324"
"FOWAD","2017-07-24","3800","3870","3785","3822","0.08","6313"
"FOWAD","2017-07-23","3750","3835","3740","3815","1.57","9171"
"FOWAD","2017-07-20","3650","3780","3650","3760","1.35","11248"
"FOWAD","2017-07-19","3825","3870","3701","3710","-2.24","15286"
"FOWAD","2017-07-18","3550","3795","3523","3795","7.14","16051"
"FOWAD","2017-07-17","3298","3570","3260","3542","7.40","14227"
"FOWAD","2017-07-16","3230","3305","3150","3297","2.39","16692"
"FOWAD","2017-07-13","3190","3384","3190","3221","2.97","39591"
"FOWAD","2017-07-12","2900","3128","2900","3128","9.99","3230"
"FOWAD","2017-07-11","2637","2844","2637","2844","9.98","212"
"FOWAD","2017-07-10","2586","2586","2586","2586","1.97","40"
"FOWAD","2017-07-09","2306","2536","2352","2536","9.97","102"
"FOWAD","2017-07-05","2306","2306","2306","2306","1.99","10"
"FOWAD","2017-07-04","2132","2261","2132","2261","8.13","56"
"FOWAD","2017-07-03","1939","2091","1939","2091","9.99","66"
"FOWAD","2017-07-02","1901","1901","1901","1901","1.98","26"
"FOWAD","2017-06-28","1758","1864","1758","1901","8.12","46"
"FOWAD","2017-06-27","1658","1724","1658","1724","6.03","30"
"FOWAD","2017-06-25","1564","1626","1564","1626","6.00","30"
"FOWAD","2017-06-21","1475","1534","1475","1534","6.01","30"
"FOWAD","2017-06-19","1447","1447","1447","1447","1.97","10"
"FOWAD","2017-06-18","1365","1419","1392","1419","3.96","20"
"FOWAD","2017-06-15","1313","1365","1313","1365","5.98","52"
"FOWAD","2017-06-14","1239","1288","1239","1288","6.01","530"
"FOWAD","2017-06-11","1192","1215","1192","1239","3.93","26"
"FOWAD","2017-06-07","1125","1169","1125","1169","5.98","30"
"FOWAD","2017-06-06","0","0","0","1125","0.00","9"
"FOWAD","2017-06-05","1103","1103","1103","1125","4.95","30"
"FOWAD","2017-05-21","1051","1051","1051","1051","0.00","100"